code,label_en,label_sl
0,Armed forces occupations,Vojaški poklici
1,Commissioned armed forces officers,Častniki/častnice
11,Commissioned armed forces officers,Častniki/častnice
110,Commissioned armed forces officers,Častniki/častnice
2,Non-commissioned armed forces officers,Podčastniki/podčastnice
21,Non-commissioned armed forces officers,Podčastniki/podčastnice
210,Non-commissioned armed forces officers,Podčastniki/podčastnice
3,"Armed forces occupations, other ranks","Vojaški poklici, drugi čini"
31,"Armed forces occupations, other ranks","Vojaški poklici, drugi čini"
310,"Armed forces occupations, other ranks","Vojaški poklici, drugi čini"
1,Managers,Menedžerji
11,"Chief executives, senior officials and legislators","Člani/članice uprave družbe, visoki uradniki/visoke uradnice in zakonodajalci/zakonodajalke"
111,Legislators and senior officials,Zakonodajalci/zakonodajalke in visoki uradniki/visoke uradnice
1111,Legislators,Zakonodajalci/zakonodajalke
1112,Senior government officials,Visoki vladni uradniki/visoke vladne uradnice
1113,Traditional chiefs and heads of village,Predsedniki/predsednice vaške skupnosti
1114,Senior officials of special-interest organisations,Visoki uradniki/visoke uradnice interesnih organizacij
112,Managing directors and chief executives,Generalni direktorji/generalne direktorice in člani/članice uprave družbe
1120,Managing directors and chief executives,Generalni direktorji/generalne direktorice in člani/članice uprave družbe
12,Administrative and commercial managers,Upravno-administrativni in poslovni menedžerji/menedžerke
121,Business services and administration managers,Menedžerji/menedžerke upravno-administrativnih in poslovnih enot družbe
1211,Finance managers,Finančni menedžerji/finančne menedžerke
1212,Human resource managers,Kadrovski menedžerji/kadrovske menedžerke
1213,Policy and planning managers,Menedžerji/menedžerke za splošne zadeve in planiranje
1219,Business services and administration managers not elsewhere classified,"Upravno-administrativni in poslovni menedžerji, d. n."
122,"Sales, marketing and development managers","Menedžerji/menedžerke za trženje, prodajo in razvoj"
1221,Sales and marketing managers,Menedžerji/menedžerke za trženje in prodajo
1222,Advertising and public relations managers,Menedžerji/menedžerke za oglaševanje in odnose z javnostmi
1223,Research and development managers,Menedžerji/menedžerke za raziskave in razvoj
13,Production and specialised services managers,Menedžerji/menedžerke za proizvodnjo in operativo
131,"Production managers in agriculture, forestry and fisheries","Menedžerji/menedžerke proizvodnje v kmetijstvu, gozdarstvu in ribištvu"
1311,Agricultural and forestry production managers,Menedžerji/menedžerke proizvodnje v kmetijstvu in gozdarstvu
1312,Aquaculture and fisheries production managers,Menedžerji/menedžerke proizvodnje v ribištvu in ribogojstvu
132,"Manufacturing, mining, construction, and distribution managers","Menedžerji/menedžerke proizvodnje v rudarstvu, predelovalnih dejavnostih, gradbeništvu in distribuciji"
1321,Manufacturing managers,Menedžerji/menedžerke proizvodnje v predelovalnih dejavnostih
1322,Mining managers,Menedžerji/menedžerke proizvodnje v rudarski dejavnosti
1323,Construction managers,Menedžerji/menedžerke proizvodnje v gradbeništvu
1324,"Supply, distribution and related managers","Menedžerji/menedžerke nabave, distribucije ipd."
133,Information and communications technology service managers,Menedžerji/menedžerke za informacijsko in komunikacijsko tehnologijo
1330,Information and communications technology service managers,Menedžerji/menedžerke za informacijsko in komunikacijsko tehnologijo
134,Professional services managers,"Menedžerji/menedžerke za strokovne storitve v zdravstvu, šolstvu, socialnem varstvu, financah ipd."
1341,Child care services managers,Menedžerji/menedžerke na področju varstva otrok
1342,Health services managers,Menedžerji/menedžerke na področju zdravstva
1343,Aged care services managers,Menedžerji/menedžerke na področju varstva starejših občanov
1344,Social welfare managers,Menedžerji/menedžerke na področju socialnega varstva
1345,Education managers,Menedžerji/menedžerke na področju izobraževanja
1346,Financial and insurance services branch managers,Direktorji/direktorice finančne in zavarovalniške podružnice
1349,Professional services managers not elsewhere classified,"Menedžerji/menedžerke za strokovne storitve v zdravstvu, šolstvu, socialnem varstvu, financah ipd., d. n."
14,"Hospitality, retail and other services managers","Menedžerji/menedžerke v gostinstvu, trgovini na drobno ipd."
141,Hotel and restaurant managers,Menedžerji/menedžerke v gostinstvu
1411,Hotel managers,"Menedžerji/menedžerke v gostinstvu, hotel"
1412,Restaurant managers,"Menedžerji/menedžerke v gostinstvu, restavracija"
142,Retail and wholesale trade managers,Menedžerji/menedžerke v trgovini na drobno in v trgovini na debelo
1420,Retail and wholesale trade managers,Menedžerji/menedžerke v trgovini na drobno in trgovini na debelo
143,Other services managers,Menedžerji/menedžerke na področju drugih storitev
1431,"Sports, recreation and cultural centre managers","Menedžerji/menedžerke športnih, rekreativnih centrov in kulturnih zavodov"
1439,Services managers not elsewhere classified,"Menedžerji/menedžerke na področju drugih storitev, d. n."
2,Professionals,Strokovnjaki/strokovnjakinje
21,Science and engineering professionals,Strokovnjaki/strokovnjakinje znanstvenih in tehnično-tehnoloških ved
211,Physical and earth science professionals,Strokovnjaki/strokovnjakinje fizikalnih in zemeljskih ved
2111,Physicists and astronomers,Fiziki/fizičarke in astronomi/astronomke
2112,Meteorologists,Meteorologi/meteorologinje
2113,Chemists,Kemiki/kemičarke
2114,Geologists and geophysicists,Geologi/geologinje in geofiziki/geofizičarke
212,"Mathematicians, actuaries and statisticians","Matematiki/matematičarke, aktuarji/aktuarke in statistiki/statističarke"
2120,"Mathematicians, actuaries and statisticians","Matematiki/matematičarke, aktuarji/aktuarke in statistiki/statističarke"
213,Life science professionals,"Biologi/biologinje, farmakologi/farmakologinje, agronomi/agronomke ipd."
2131,"Biologists, botanists, zoologists and related professionals","Biologi/biologinje, ekologi/ekologinje ipd."
2132,"Farming, forestry and fisheries advisers","Svetovalci/svetovalke v kmetijstvu, gozdarstvu in ribištvu"
2133,Environmental protection professionals,Strokovnjaki/strokovnjakinje za varstvo okolja
214,Engineering professionals (excluding electrotechnology),Strokovnjaki/strokovnjakinje tehnično-tehnoloških strok (razen elektrotehnike)
2141,Industrial and production engineers,Inženirji/inženirke v industriji in proizvodnji
2142,Civil engineers,Inženirji/inženirke gradbeništva
2143,Environmental engineers,Inženirji/inženirke varstva okolja
2144,Mechanical engineers,Inženirji/inženirke strojništva
2145,Chemical engineers,"Kemijski tehnologi/kemijske tehnologinje, živilski tehnologi/živilske tehnologinje ipd."
2146,"Mining engineers, metallurgists and related professionals","Inženirji/inženirke rudarstva, metalurgije ipd."
2149,Engineering professionals not elsewhere classified,"Strokovnjaki/strokovnjakinje tehnično-tehnoloških strok, d. n."
215,Electrotechnology engineers,Inženirji/inženirke na področjih elektrotehnologije
2151,Electrical engineers,Inženirji/inženirke elektrotehnike
2152,Electronics engineers,Inženirji/inženirke elektronike
2153,Telecommunications engineers,Inženirji/inženirke telekomunikacij
216,"Architects, planners, surveyors and designers","Arhitekti/arhitektke, urbanisti/urbanistke, geodeti/geodetinje in oblikovalci/oblikovalke ipd."
2161,Building architects,Gradbeni arhitekti/gradbene arhitektke
2162,Landscape architects,Krajinski arhitekti/krajinske arhitektke
2163,Product and garment designers,Industrijski oblikovalci/industrijske oblikovalke in modni oblikovalci/modne oblikovalke
2164,Town and traffic planners,Urbanisti/urbanistke
2165,Cartographers and surveyors,Kartografi/kartografinje in geodeti/geodetinje ipd.
2166,Graphic and multimedia designers,Grafični in multimedijski oblikovalci/grafične in multimedijske oblikovalke
22,Health professionals,Zdravstveni strokovnjaki/zdravstvene strokovnjakinje
221,Medical doctors,Zdravniki/zdravnice
2211,Generalist medical practitioners,Splošni zdravniki/splošne zdravnice
2212,Specialist medical practitioners,Zdravniki specialisti/zdravnice specialistke
222,Nursing and midwifery professionals,Strokovnjaki/strokovnjakinje za zdravstveno nego in babištvo
2221,Nursing professionals,Strokovnjaki/strokovnjakinje za zdravstveno nego
2222,Midwifery professionals,Strokovnjaki/strokovnjakinje za babištvo
223,Traditional and complementary medicine professionals,Strokovnjaki/strokovnjakinje za tradicionalno in dopolnilno medicino
2230,Traditional and complementary medicine professionals,Strokovnjaki/strokovnjakinje za tradicionalno in dopolnilno medicino
224,Paramedical practitioners,Paramedicinsko osebje
2240,Paramedical practitioners,Paramedicinsko osebje
225,Veterinarians,Veterinarji/veterinarke
2250,Veterinarians,Veterinarji/veterinarke
226,Other health professionals,Drugi zdravstveni strokovnjaki/druge zdravstvene strokovnjakinje
2261,Dentists,Zobozdravniki/zobozdravnice
2262,Pharmacists,Farmacevti/farmacevtke
2263,Environmental and occupational health and hygiene professionals,Strokovni sodelavci/strokovne sodelavke za okoljsko zdravstvo in higieno
2264,Physiotherapists,Fizioterapevti/fizioterapevtke
2265,Dieticians and nutritionists,"Strokovnjaki/strokovnjakinje za dietno prehrano, za zdravo prehrano"
2266,Audiologists and speech therapists,Avdiologi/avdiologinje in govorni terapevti/govorne terapevtke
2267,Optometrists and ophthalmic opticians,Optometristi/optometristke in očesni optiki/očesne optičarke
2269,Health professionals not elsewhere classified,"Zdravstveni strokovnjaki/strokovnjakinje, d. n."
23,Teaching professionals,Strokovnjaki/strokovnjakinje za vzgojo in izobraževanje
231,University and higher education teachers,Univerzitetni in visokošolski učitelji/univerzitetne in visokošolske učiteljice
2310,University and higher education teachers,Univerzitetni in visokošolski učitelji/univerzitetne in visokošolske učiteljice
232,Vocational education teachers,Učitelji/učiteljice v poklicnem izobraževanju
2320,Vocational education teachers,Učitelji/učiteljice v poklicnem izobraževanju
233,Secondary education teachers,Srednješolski učitelji/srednješolske učiteljice
2330,Secondary education teachers,Srednješolski učitelji/srednješolske učiteljice
234,Primary school and early childhood teachers,Osnovnošolski učitelji/osnovnošolske učiteljice in vzgojitelji/vzgojiteljice predšolskih otrok
2341,Primary school teachers,Osnovnošolski učitelji/osnovnošolske učiteljice
2342,Early childhood educators,Vzgojitelji/vzgojiteljice predšolskih otrok
235,Other teaching professionals,Drugi strokovnjaki/druge strokovnjakinje za vzgojo in izobraževanje
2351,Education methods specialists,Strokovnjaki/strokovnjakinje za svetovanje in vzgojno-izobraževalne metode
2352,Special needs teachers,Učitelji/učiteljice za vzgojo in izobraževanje oseb s posebnimi potrebami
2353,Other language teachers,Drugi učitelji jezikov/druge učiteljice jezikov
2354,Other music teachers,Drugi učitelji glasbe/druge učiteljice glasbe
2355,Other arts teachers,Drugi učitelji umetnosti/druge učiteljice umetnosti
2356,Information technology trainers,Učitelji/učiteljice informacijske tehnologije
2359,Teaching professionals not elsewhere classified,"Strokovnjaki/strokovnjakinje za vzgojo in izobraževanje, d. n."
24,Business and administration professionals,Strokovnjaki/strokovnjakinje za poslovanje in upravljanje
241,Finance professionals,Strokovnjaki/strokovnjakinje za finančno poslovanje
2411,Accountants,Računovodje/računovodkinje
2412,Financial and investment advisers,"Finančni, naložbeni svetovalci/finančne, naložbene svetovalke"
2413,Financial analysts,Finančni analitiki/finančne analitičarke
242,Administration professionals,Strokovnjaki/strokovnjakinje za upravljanje
2421,Management and organisation analysts,Poslovni in organizacijski analitiki/poslovne in organizacijske analitičarke
2422,Policy administration professionals,Strokovnjaki/strokovnjakinje za upravljanje splošnih zadev
2423,Personnel and careers professionals,"Strokovnjaki/strokovnjakinje za kadre, analizo poklicnega dela ipd."
2424,Training and staff development professionals,Strokovnjaki/strokovnjakinje za usposabljanje in poklicni razvoj
243,"Sales, marketing and public relations professionals","Strokovnjaki/strokovnjakinje za prodajo, trženje in odnose z javnostmi"
2431,Advertising and marketing professionals,Strokovnjaki/strokovnjakinje za oglaševanja in trženje
2432,Public relations professionals,Strokovnjaki/strokovnjakinje za odnose z javnostmi
2433,Technical and medical sales professionals (excluding ICT),Strokovnjaki/strokovnjakinje za prodajo tehničnih in medicinskih izdelkov (razen IKT)
2434,Information and communications technology sales professionals,Strokovnjaki/strokovnjakinje za prodajo informacijske in komunikacijske tehnologije
25,Information and communications technology professionals,Strokovnjaki/strokovnjakinje za informacijske in komunikacijske tehnologije
251,Software and applications developers and analysts,Razvijalci/razvijalke in analitiki/analitičarke programske opreme in računalniških aplikacij
2511,Systems analysts,Sistemski analitiki/sistemske analitičarke
2512,Software developers,Razvijalci/razvijalke programske opreme
2513,Web and multimedia developers,Razvijalci/razvijalke spletnih in multimedijskih vsebin
2514,Applications programmers,Programerji/programerke računalniških aplikacij
2519,Software and applications developers and analysts not elsewhere classified,"Razvijalci/razvijalke in analitiki/analitičarke programske opreme in računalniških aplikacij, d. n."
252,Database and network professionals,Strokovnjaki/strokovnjakinje za podatkovne zbirke in računalniška omrežja
2521,Database designers and administrators,Snovalci/snovalke in upravljavci/upravljavke podatkovnih zbirk
2522,Systems administrators,Sistemski upravljavci/sistemske upravljavke
2523,Computer network professionals,Strokovnjaki/strokovnjakinje za računalniška omrežja
2529,Database and network professionals not elsewhere classified,"Strokovnjaki/strokovnjakinje za podatkovne baze in računalniška omrežja, d. n."
26,"Legal, social and cultural professionals","Pravni strokovnjaki/pravne strokovnjakinje, strokovnjaki/strokovnjakinje družbenih ved, strokovnjaki/strokovnjakinje na področju kulture"
261,Legal professionals,Pravni strokovnjaki/pravne strokovnjakinje
2611,Lawyers,Odvetniki/odvetnice
2612,Judges,"Sodniki, sodnice"
2619,Legal professionals not elsewhere classified,"Pravni strokovnjaki/pravne strokovnjakinje, d. n."
262,"Librarians, archivists and curators","Bibliotekarji/bibliotekarke, arhivarji/arhivarke in konservatorji/konservatorke"
2621,Archivists and curators,Arhivarji/arhivarke in konservatorji/konservatorke
2622,Librarians and related information professionals,"Bibliotekarji/bibliotekarke, dokumentalisti/dokumentalistke ipd."
263,Social and religious professionals,Strokovnjaki/strokovnjakinje družbenih ved in poklici verskih delavcev/delavk
2631,Economists,Ekonomisti/ekonomistke
2632,"Sociologists, anthropologists and related professionals","Sociologi/sociologinje, antropologi/antropologinje ipd."
2633,"Philosophers, historians and political scientists","Filozofi/filozofinje, zgodovinarji/zgodovinarke in politologi/politologinje"
2634,Psychologists,Psihologi/psihologinje
2635,Social work and counselling professionals,"Socialni delavci/socialne delavke, svetovalci/svetovalke"
2636,Religious professionals,Poklici verskih delavcev/delavk
264,"Authors, journalists and linguists","Pisatelji/pisateljice, novinarji/novinarke in jezikoslovci/jezikoslovke"
2641,Authors and related writers,Pisatelji/pisateljice ipd.
2642,Journalists,Novinarji/novinarke
2643,"Translators, interpreters and other linguists","Prevajalci/prevajalke, tolmači/tolmačke in drugi jezikoslovci/druge jezikoslovke"
265,Creative and performing artists,"Umetniški ustvarjalci, poustvarjalci/umetniške ustvarjalke, poustvarjalke"
2651,Visual artists,Vizualni umetniki/vizualne umetnice
2652,"Musicians, singers and composers","Glasbeniki/glasbenice, pevci/pevke, skladatelji/skladateljice"
2653,Dancers and choreographers,"Plesalci/plesalke, koreografi/koreografke"
2654,"Film, stage and related directors and producers","Filmski, gledališki direktorji in producenti/filmske, gledališče direktorice in producentke ipd."
2655,Actors,Igralci/igralke
2656,"Announcers on radio, television and other media","Napovedovalci/napovedovalke na radiu, televiziji in drugih medijih"
2659,Creative and performing artists not elsewhere classified,"Umetniški ustvarjalci, poustvarjalci/umetniške ustvarjalke, poustvarjalke, d. n."
3,Technicians and associate professionals,Tehniki/tehnice in strokovni sodelavci/strokovne sodelavke
31,Science and engineering associate professionals,Tehniki/tehnice tehnično-tehnoloških strok
311,Physical and engineering science technicians,Tehniki/tehnice tehnično-tehnoloških strok
3111,Chemical and physical science technicians,"Tehniki/tehnice za fiziko, kemijo ipd."
3112,Civil engineering technicians,"Tehniki/tehnice za gradbeništvo, geodezijo ipd."
3113,Electrical engineering technicians,Tehniki/tehnice za elektrotehniko ipd.
3114,Electronics engineering technicians,Tehniki/tehnice za elektroniko
3115,Mechanical engineering technicians,Tehniki/tehnice za strojništvo ipd.
3116,Chemical engineering technicians,Tehniki/tehnice za kemijsko tehnologijo ipd.
3117,Mining and metallurgical technicians,"Tehniki/tehnice za rudarstvo, metalurgijo ipd."
3118,Draughtspersons,Tehnični risarji/tehnične risarke
3119,Physical and engineering science technicians not elsewhere classified,"Tehniki/tehnice tehnično-tehnoloških strok, d. n."
312,"Mining, manufacturing and construction supervisors","Rudarski nadzorniki/rudarske nadzornice, nadzorniki/nadzornice v predelovalnih dejavnostih in gradbeni nadzorniki/gradbene nadzornice"
3121,Mining supervisors,Rudarski nadzorniki/rudarske nadzornice
3122,Manufacturing supervisors,Nadzorniki/nadzornice v predelovalnih dejavnostih
3123,Construction supervisors,gradbeni nadzorniki/gradbene nadzornice
313,Process control technicians,Tehniki/tehnice za nadzor procesov in naprav
3131,Power production plant operators,Upravljavci/upravljavke energetskih procesnih strojev
3132,Incinerator and water treatment plant operators,"Upravljavci/upravljavke sežigalnih naprav, čistilnih naprav za vodo"
3133,Chemical processing plant controllers,Kontrolorji/kontrolorke naprav za kemično predelavo
3134,Petroleum and natural gas refining plant operators,Upravljavci/upravljavke naprav za predelavo nafte in zemeljskega plina
3135,Metal production process controllers,Kontrolorji/kontrolorke metalurških proizvodnih procesov
3139,Process control technicians not elsewhere classified,"Tehniki/tehnice za nadzor procesov in naprav, d. n."
314,Life science technicians and related associate professionals,"Laboratorijski tehniki/laboratorijske tehnice v biomedicini, biologiji, farmakologiji ipd."
3141,Life science technicians (excluding medical),"Laboratorijski tehniki/laboratorijske tehnice v biomedicini, biologiji, farmakologiji (razen v zdravstvu)"
3142,Agricultural technicians,Laboratorijski tehniki/laboratorijske tehnice v kmetijstvu
3143,Forestry technicians,Laboratorijski tehniki/laboratorijske tehnice v gozdarstvu
315,Ship and aircraft controllers and technicians,"Kapitani/kapitanke ladij, piloti/pilotke letal, kontrolorji/kontrolorke zračnega prometa ipd."
3151,Ships’ engineers,Častniki/častnice ladijskega stroja ipd.
3152,Ships' deck officers and pilots,Kapitani/kapitanke ladij ipd.
3153,Aircraft pilots and related associate professionals,Piloti/pilotke letal ipd.
3154,Air traffic controllers,Kontrolorji/kontrolorke zračnega prometa
3155,Air traffic safety electronics technicians,Tehniki/tehnice za varnost zračnega prometa
32,Health associate professionals,Tehniki/tehnice in asistenti/asistentke v zdravstvu
321,Medical and pharmaceutical technicians,Tehniki/tehnice v zdravstvu in farmaciji
3211,Medical imaging and therapeutic equipment technicians,Tehniki/tehnice za opremo za medicinsko slikanje in terapevtsko opremo
3212,Medical and pathology laboratory technicians,Laboratorijski tehniki/laboratorijske tehnice v zdravstvu in patologiji
3213,Pharmaceutical technicians and assistants,"Farmacevtski tehniki, asistenti/farmacevtske tehnice, asistentke"
3214,Medical and dental prosthetic technicians,Zdravstveni tehniki/zdravstvene tehnice in tehniki/tehnice za zobno protetiko
322,Nursing and midwifery associate professionals,Strokovni sodelavci/strokovne sodelavke za zdravstveno nego in babištvo
3221,Nursing associate professionals,Strokovni sodelavci/strokovne sodelavke za zdravstveno nego
3222,Midwifery associate professionals,Strokovni sodelavci/strokovne sodelavke za babištvo
323,Traditional and complementary medicine associate professionals,Strokovni sodelavci/strokovne sodelavke za tradicionalno in dopolnilno medicino
3230,Traditional and complementary medicine associate professionals,Strokovni sodelavci/strokovne sodelavke za tradicionalno in dopolnilno medicino
324,Veterinary technicians and assistants,"Veterinarski tehniki, asistenti in veterinarske tehnice, asistentke"
3240,Veterinary technicians and assistants,"Veterinarski tehniki, asistenti/veterinarske tehnice, asistentke"
325,Other health associate professionals,"Drugi tehniki/druge tehtnice, drugi asistenti/druge asistentke v zdravstvu"
3251,Dental assistants and therapists,Zobozdravstveni asistenti/zobozdravstvene asistentke in terapevti/terapevtke
3252,Medical records and health information technicians,Tehniki/tehnice za vodenje zdravstvenih kartotek in zdravstvenih podatkov
3253,Community health workers,Patronažni zdravstveni delavci/patronažne zdravstvene delavke
3254,Dispensing opticians,Očesni optiki/očesne optičarke
3255,Physiotherapy technicians and assistants,Fizioterapevtski tehniki/fizioterapevtske tehnice in fizioterapevtski asistenti/fizioterapevtske asistentke
3256,Medical assistants,Asistenti/asistentke za zdravstveno nego
3257,Environmental and occupational health inspectors and associates,"Inšpektorji/inšpektorice in strokovni sodelavci/strokovne sodelavke za okoljsko zdravstvo, higieno, zdravstvo pri delu"
3258,Ambulance workers,Reševalno osebje
3259,Health associate professionals not elsewhere classified,"Tehniki/tehnice in asistenti/asistentke v zdravstvu, d. n."
33,Business and administration associate professionals,Strokovni sodelavci/strokovne sodelavke za poslovanje in upravljanje
331,Financial and mathematical associate professionals,"Strokovni sodelavci/strokovne sodelavke za finančne, statistične in računovodske, zavarovalniške izračune in prikaze ipd."
3311,Securities and finance dealers and brokers,Borzni posredniki/borzne posrednice
3312,Credit and loans officers,Kreditni posredniki in zastopniki/kreditne posrednice in zastopnice
3313,Accounting associate professionals,Knjigovodje/knjigovodkinje
3314,"Statistical, mathematical and related associate professionals","Strokovni sodelavci/strokovne sodelavke za statistične, računovodske, zavarovalniške izračune in prikaze ipd."
3315,Valuers and loss assessors,Cenilci/cenilke in strokovnjaki/strokovnjakinje za ocenitev škode
332,Sales and purchasing agents and brokers,Prodajni agentje in posredniki/prodajne agentke in posrednice
3321,Insurance representatives,Zavarovalniški zastopniki/zavarovalniške zastopnice
3322,Commercial sales representatives,Komercialni zastopniki/komercialne zastopnice za prodajo ipd.
3323,Buyers,Nabavni referenti/nabavne referentke
3324,Trade brokers,"Posredniki/posrednice za prevozništvo, trgovino ipd."
333,Business services agents,Posredniki/posrednice za poslovne storitve ipd.
3331,Clearing and forwarding agents,Špediterji/špediterke ipd.
3332,Conference and event planners,Organizatorji/organizatorke konferenc in dogodkov
3333,Employment agents and contractors,Posredniki/posrednice za zaposlovanje ipd.
3334,Real estate agents and property managers,"Posredniki/posrednice, upravljavci/upravljavke nepremičnin"
3339,Business services agents not elsewhere classified,"Posredniki/posrednice za poslovne storitve, d. n."
334,Administrative and specialised secretaries,Splošni in specializirani poslovni sekretarji/splošne in specializirane poslovne sekretarke
3341,Office supervisors,Vodje pisarne
3342,Legal secretaries,Pravni sekretarji/pravne sekretarke
3343,Administrative and executive secretaries,Sekretarji/sekretarke v upravi in poslovodstvu
3344,Medical secretaries,Sekretarji/sekretarke v zdravstvu
335,Regulatory government associate professionals,"Cariniki/carinice, davkarji/davkarice, referenti/referentke za socialno varnost ipd."
3351,Customs and border inspectors,Carinski inšpektorji/carinske inšpektorice in mejni inšpektorji/mejne inšpektorice
3352,Government tax and excise officials,Davkarji/davkarice
3353,Government social benefits officials,Referenti/referentke za socialno varnost ipd.
3354,Government licensing officials,"Referenti/referentke za koncesije, dovoljenja ipd."
3355,Police inspectors and detectives,Policijski preiskovalci/policijske preiskovalke in detektivi/detektivke
3359,Regulatory government associate professionals not elsewhere classified,"Strokovni državni uslužbenci/strokovne državne uslužbenke, d. n."
34,"Legal, social, cultural and related associate professionals","Strokovni sodelavci/strokovne sodelavke za pravne zadeve, družbenih ved in na področju kulture ipd."
341,"Legal, social and religious associate professionals","Strokovni sodelavci/strokovne sodelavke za pravne zadeve, socialno delo in člani/članice samostanskih skupnosti, duhovnikovi pomočniki/duhovnikove pomočnice"
3411,Legal and related associate professionals,Strokovni sodelavci/strokovne sodelavke za pravne zadeve ipd.
3412,Social work associate professionals,Strokovni sodelavci/strokovne sodelavke za socialno delo
3413,Religious associate professionals,"Člani/članice samostanske skupnosti, duhovnikovi pomočniki/duhovnikove pomočnice ipd."
342,Sports and fitness workers,Športni delavci/športne delavke in strokovni delavci/strokovne delavke fitnesa
3421,Athletes and sports players,Športniki/športnice
3422,"Sports coaches, instructors and officials","Športni trenerji, inštruktorji, funkcionarji/športne trenerke, inštruktorice, funkcionarke"
3423,Fitness and recreation instructors and program leaders,Inštruktorji/inštruktorice fitnesa in rekreacije in vodje športnih programov/voditeljice športnih programov
343,"Artistic, cultural and culinary associate professionals",Strokovni sodelavci/strokovne sodelavke za umetniško in kulturno dejavnost ter kulinariko
3431,Photographers,Fotografi/fotografinje
3432,Interior designers and decorators,Notranji oblikovalci/notranje oblikovalke in dekoraterji/dekoraterke
3433,"Gallery, museum and library technicians","Strokovni sodelavci/strokovne sodelavke v galerijah, muzejih in knjižnicah"
3434,Chefs,Vodje kuhinj
3435,Other artistic and cultural associate professionals,Drugi strokovni sodelavci/druge strokovne sodelavke za umetniško in kulturno dejavnost
35,Information and communications technicians,Tehniki/tehnice na področju informacijske in komunikacijske tehnologije
351,Information and communications technology operations and user support technicians,Tehniki/tehnice za dejavnosti na področju informacijske in komunikacijske tehnologije ter podporo uporabnikom
3511,Information and communications technology operations technicians,Tehniki/tehnice za dejavnosti na področju informacijske in komunikacijske tehnologije
3512,Information and communications technology user support technicians,Tehniki/tehnice za podporo uporabnikom na področju informacijske in komunikacijske tehnologije
3513,Computer network and systems technicians,Tehniki/tehnice za računalniška omrežja in računalniške sisteme
3514,Web technicians,Tehniki/tehnice za spletne strani
352,Telecommunications and broadcasting technicians,Tehniki/tehnice za telekomunikacije in oddajanje
3521,Broadcasting and audiovisual technicians,Tehniki/tehnice za oddajanje in avdiovizualno snemanje
3522,Telecommunications engineering technicians,Tehniki/tehnice za elektroniko in telekomunikacije
4,Clerical support workers,Uradniki/uradnice za pisarniško poslovanje
41,General and keyboard clerks,"Uradniki/uradnice za splošno pisarniško poslovanje, strojepisci/strojepiske, tajniki/tajnice ipd."
411,General office clerks,Uradniki/uradnice za splošno pisarniško poslovanje
4110,General office clerks,Uradniki/uradnice za splošno pisarniško poslovanje
412,Secretaries (general),Tajniki/tajnice (za splošne zadeve)
4120,Secretaries (general),Tajniki/tajnice (za splošne zadeve)
413,Keyboard operators,Strojepisci/strojepiske ipd.
4131,Typists and word processing operators,Strojepisci/strojepiske in urejevalci/urejevalke besedil
4132,Data entry clerks,Vnašalci/vnašalke podatkov
42,Customer services clerks,Uradniki/uradnice za poslovanje s strankami
421,"Tellers, money collectors and related clerks",Uradniki/uradnice za denarno in podobno poslovanje
4211,Bank tellers and related clerks,Bančni uradniki/bančne uradnice pri okencu ipd.
4212,"Bookmakers, croupiers and related gaming workers","Sprejemalci/sprejemalke stav, krupjeji/krupjejke ipd."
4213,Pawnbrokers and money-lenders,Zastavljalničarji/zastavljalničarke in posojevalci/posojevalke denarja
4214,Debt-collectors and related workers,Izterjevalci/izterjevalke dolgov ipd.
422,Client information workers,"Uradniki/uradnice v turističnih in potovalnih agencijah, receptorji/receptorke, telefonisti/telefonistke ipd."
4221,Travel consultants and clerks,Zastopniki/zastopnice za potovanja in uradniki/uradnice v turističnih in potovalnih agencijah
4222,Contact centre information clerks,Posredovalci informacij/posredovalke informacij v klicnih centrih
4223,Telephone switchboard operators,Telefonisti/telefonistke
4224,Hotel receptionists,Hotelski receptorji/hotelske receptorke
4225,Enquiry clerks,Uradniki/uradnice za reševanje pritožb in stike s strankami
4226,Receptionists (general),Receptorji/receptorke (za splošne zadeve)
4227,Survey and market research interviewers,Anketarji/anketarke za izvajanje splošnih in tržnih raziskav
4229,Client information workers not elsewhere classified,"Uradniki/uradnice v turističnih in potovalnih agencijah, receptorji/receptorke, telefonisti/telefonistke ipd., d. n."
43,Numerical and material recording clerks,"Uradniki/uradnice v računovodstvu, knjigovodstvu, statistiki, financah, skladiščih, prometu, prodaji, nabavi ipd."
431,Numerical clerks,"Uradniki/uradnice v računovodstvu, knjigovodstvu, statistiki, financah ipd."
4311,Accounting and bookkeeping clerks,Uradniki/uradnice v računovodstvu in knjigovodstvu
4312,"Statistical, finance and insurance clerks","Uradniki/uradnice v statistiki, financah, zavarovalništvu"
4313,Payroll clerks,Uradniki/uradnice za plače
432,Material-recording and transport clerks,"Uradniki/uradnice v skladiščih, prometu, prodaji, nabavi ipd."
4321,Stock clerks,Skladiščniki/skladiščnice ipd.
4322,Production clerks,Uradniki/uradnice za planiranje proizvodnje ipd.
4323,Transport clerks,Uradniki/uradnice za promet
44,Other clerical support workers,Drugi uradniki/druge uradnice za pisarniško poslovanje
441,Other clerical support workers,Drugi uradniki/druge uradnice za pisarniško poslovanje
4411,Library clerks,Knjižnični uradniki/knjižnične uradnice
4412,Mail carriers and sorting clerks,Usmerjevalci/usmerjevalke in raznašalci/raznašalke pošte ipd.
4413,"Coding, proof-reading and related clerks","Koderji/koderke, korektorji/korektorice ipd."
4414,Scribes and related workers,Javni pisarji/javne pisarke ipd.
4415,Filing and copying clerks,"Arhivski uradniki/arhivske uradnice, uradniki/uradnice za kopiranje dokumentov ipd."
4416,Personnel clerks,Uradniki/uradnice za kadrovske evidence
4419,Clerical support workers not elsewhere classified,"Drugi uradniki/druge uradnice za pisarniško poslovanje, d. n."
5,Service and sales workers,"Poklici za storitve, prodajalci/prodajalke"
51,Personal service workers,Poklici za osebne storitve
511,"Travel attendants, conductors and guides","Stevardi/stevardese, sprevodniki/sprevodnice in vodniki/vodnice"
5111,Travel attendants and travel stewards,"Stevardi/stevardese, spremljevalci/spremljevalke"
5112,Transport conductors,Sprevodniki/sprevodnice
5113,Travel guides,Vodniki/vodnice
512,Cooks,Kuharji/kuharice
5120,Cooks,Kuharji/kuharice
513,Waiters and bartenders,Natakarji/natakarice ipd.
5131,Waiters,Natakarji/natakarice
5132,Bartenders,Točaji/točajke
514,"Hairdressers, beauticians and related workers","Frizerji/frizerke, kozmetiki/kozmetičarke ipd."
5141,Hairdressers,Frizerji/frizerke
5142,Beauticians and related workers,Kozmetiki/kozmetičarke ipd.
515,Building and housekeeping supervisors,"Poklici za gospodinjska dela, hišniki/hišnice"
5151,"Cleaning and housekeeping supervisors in offices, hotels and other establishments","Delovodje v dejavnosti čiščenja in za gospodinjstvo v uradih, hotelih in drugih ustanovah"
5152,Domestic housekeepers,Gospodinjci/gospodinje v zasebnem gospodinjstvu
5153,Building caretakers,Hišniki/hišnice
516,Other personal services workers,Drugi poklici za osebne storitve
5161,"Astrologers, fortune-tellers and related workers","Astrologi/astrologinje, vedeževalci/vedeževalke ipd."
5162,Companions and valets,Osebni spremljevalci/osebne spremljevalke
5163,Undertakers and embalmers,"Grobarji/grobarke, pogrebniki/pogrebnice ipd."
5164,Pet groomers and animal care workers,"Negovalci/negovalke, oskrbniki/oskrbnice malih živali"
5165,Driving instructors,Vozniški inštruktorji/vozniške inštruktorice
5169,Personal services workers not elsewhere classified,"Poklici za osebne storitve, d. n."
52,Sales workers,Prodajalci/prodajalke
521,Street and market salespersons,"Poulični prodajalci/poulične prodajalke, prodajalci/prodajalke na stojnicah"
5211,Stall and market salespersons,Prodajalci/prodajalke na stojnicah
5212,Street food salespersons,Poulični prodajalci/poulične prodajalke hrane
522,Shop salespersons,Prodajalci/prodajalke v trgovinah
5221,Shop keepers,Trgovci/trgovke v lastnih trgovinah
5222,Shop supervisors,Trgovski poslovodja/trgovska poslovodkinja
5223,Shop sales assistants,Prodajalci/prodajalke
523,Cashiers and ticket clerks,"Blagajniki/blagajničarke, prodajalci/prodajalke vstopnic ipd."
5230,Cashiers and ticket clerks,"Blagajniki/blagajničarke, prodajalci/prodajalke vstopnic ipd."
524,Other sales workers,Drugi prodajalci/druge prodajalke
5241,Fashion and other models,Modeli ipd.
5242,Sales demonstrators,Demonstratorji/demonstratorke za prodajo
5243,Door to door salespersons,Akviziterji/akviziterke
5244,Contact centre salespersons,Prodajalci/prodajalke po telefonu
5245,Service station attendants,Prodajalci/prodajalke na bencinskih črpalkah
5246,Food service counter attendants,Prodajalci/prodajalke hitre hrane
5249,Sales workers not elsewhere classified,"Prodajalci/prodajalke, d. n."
53,Personal care workers,"Poklici za zdravstveno, higiensko, socialno oskrbo ipd."
531,Child care workers and teachers’ aides,"Varuhi/varuhinje otrok, rejniki/rejnice in pomočniki/pomočnice učiteljev/učiteljic"
5311,Child care workers,Varuhi/varuhinje otrok
5312,Teachers’ aides,Pomočniki/pomočnice učiteljev/učiteljic
532,Personal care workers in health services,"Poklici za zdravstveno, higiensko oskrbo ipd. v zdravstvu"
5321,Health care assistants,Pomočniki/pomočnice za zdravstveno nego
5322,Home-based personal care workers,Poklici za zdravstveno in socialno oskrbo na domu ipd.
5329,Personal care workers in health services not elsewhere classified,"Poklici za zdravstveno, higiensko oskrbo ipd. v zdravstvu, d. n."
54,Protective services workers,Poklici za varovanje oseb in premoženja
541,Protective services workers,Poklici za varovanje oseb in premoženja
5411,Fire-fighters,Gasilci/gasilke ipd.
5412,Police officers,Policisti/policistke
5413,Prison guards,Pazniki/paznice v zaporu
5414,Security guards,Varnostniki/varnostnice
5419,Protective services workers not elsewhere classified,"Poklici za varovanje oseb in premoženja, d. n."
6,"Skilled agricultural, forestry and fishery workers","Kmetovalci/kmetovalke, gozdarji/gozdarke, ribiči/ribičke, lovci/lovke"
61,Market-oriented skilled agricultural workers,Tržno usmerjeni kmetovalci/kmetovalke
611,Market gardeners and crop growers,"Poljedelci/poljedelke, vrtnarji/vrtnarice ipd."
6111,Field crop and vegetable growers,"Poljedelci/poljedelke, vrtnarji povrtninarji/vrtnarice povrtninarke"
6112,Tree and shrub crop growers,"Drevesničarji/drevesničarke, gojitelji/gojiteljice grmičevja"
6113,"Gardeners, horticultural and nursery growers",Vrtnarji/vrtnarice ipd.
6114,Mixed crop growers,Kmetovalci/kmetovalke mešane rastlinske pridelave
612,Animal producers,Rejci/rejke živali
6121,Livestock and dairy producers,Živinorejci/živinorejke
6122,Poultry producers,Perutninarji/perutninarke
6123,Apiarists and sericulturists,"Čebelarji/čebelarke, svilorejci/svilorejke"
6129,Animal producers not elsewhere classified,"Rejci/rejke živali, d. n."
613,Mixed crop and animal producers,Kmetovalci/kmetovalke na mešanih kmetijah
6130,Mixed crop and animal producers,Kmetovalci/kmetovalke na mešanih kmetijah
62,"Market-oriented skilled forestry, fishery and hunting workers","Tržno usmerjeni gozdarji/gozdarke, ribiči/ribičke, lovci/lovke"
621,Forestry and related workers,Gozdarji/gozdarke ipd.
6210,Forestry and related workers,Gozdarji/gozdarke ipd.
622,"Fishery workers, hunters and trappers","Ribiči/ribičke, lovci/lovke ipd."
6221,Aquaculture workers,Ribogojci/ribogojke ipd.
6222,Inland and coastal waters fishery workers,Obalni ribiči/obalne ribičke ipd.
6223,Deep-sea fishery workers,Ribiči/ribičke na odprtem morju
6224,Hunters and trappers,Lovci/lovke ipd.
63,"Subsistence farmers, fishers, hunters and gatherers","Samooskrbni kmetovalci/kmetovalke, ribiči/ribičke, lovci/lovke, nabiralci/nabiralke"
631,Subsistence crop farmers,Samooskrbni kmetovalci/kmetovalke
6310,Subsistence crop farmers,Samooskrbni kmetovalci poljedelci/samooskrbne kmetovalke poljedelke
632,Subsistence livestock farmers,Samooskrbni živinorejci/živinorejke
6320,Subsistence livestock farmers,Samooskrbni živinorejci/živinorejke
633,Subsistence mixed crop and livestock farmers,Samooskrbni kmetovalci/kmetovalke na mešanih kmetijah
6330,Subsistence mixed crop and livestock farmers,Samooskrbni kmetovalci/kmetovalke na mešanih kmetijah
634,"Subsistence fishers, hunters, trappers and gatherers","Samooskrbni ribiči/ribičke, lovci/lovke, nabiralci/nabiralke"
6340,"Subsistence fishers, hunters, trappers and gatherers","Samooskrbni ribiči/ribičke, lovci/lovke, nabiralci/nabiralke"
7,Craft and related trades workers,Poklici za neindustrijski način dela
71,"Building and related trades workers, excluding electricians",Gradbinci/gradbinke ipd. (razen elektroinštalaterji/elektroinštalaterke)
711,Building frame and related trades workers,Gradbinci/gradbinke ipd.
7111,House builders,Graditelji/graditeljice hiš
7112,Bricklayers and related workers,Zidarji/zidarke ipd.
7113,"Stonemasons, stone cutters, splitters and carvers","Zidarji/zidarke, kamnoseki/kamnosekinje ipd."
7114,"Concrete placers, concrete finishers and related workers",Betonerji/betonerke ipd.
7115,Carpenters and joiners,Tesarji/tesarke ipd.
7119,Building frame and related trades workers not elsewhere classified,"Gradbinci/gradbinke ipd., d. n."
712,Building finishers and related trades workers,Gradbinci/gradbinke zaključnih del ipd.
7121,Roofers,Krovci/krovke
7122,Floor layers and tile setters,Polagalci/polagalke podov ipd.
7123,Plasterers,Štukaterji/štukaterke
7124,Insulation workers,Izolaterji/izolaterke
7125,Glaziers,Zastekljevalci/zastekljevalke
7126,Plumbers and pipe fitters,Monterji/monterke in vzdrževalci/vzdrževalke inštalacij in naprav
7127,Air conditioning and refrigeration mechanics,Inštalaterji/inštalaterke klimatskih in monterji/monterke hladilnih naprav
713,"Painters, building structure cleaners and related trades workers",Pleskarji/pleskarke ipd.
7131,Painters and related workers,Pleskarji/pleskarke ipd.
7132,Spray painters and varnishers,Ličarji/ličarke in loščilci/loščilke
7133,Building structure cleaners,"Dimnikarji/dimnikarke, čistilci/čistilke fasad"
72,"Metal, machinery and related trades workers","Kovinarji/kovinarke, strojni mehaniki/strojne mehaničarke ipd."
721,"Sheet and structural metal workers, moulders and welders, and related workers","Kleparji/kleparke, monterji/monterke kovinskih konstrukcij, livarji/livarke, varilci/varilke ipd."
7211,Metal moulders and coremakers,Livarji/livarke ipd.
7212,Welders and flamecutters,Varilci/varilke ipd.
7213,Sheet-metal workers,Kleparji/kleparke
7214,Structural-metal preparers and erectors,Monterji/monterke kovinskih konstrukcij ipd.
7215,Riggers and cable splicers,Monterji/monterke in polagalci/polagalke kablov
722,"Blacksmiths, toolmakers and related trades workers","Kovači/kovačice, orodjarji/orodjarke ipd."
7221,"Blacksmiths, hammersmiths and forging press workers",Kovači/kovačice
7222,Toolmakers and related workers,Orodjarji/orodjarke ipd.
7223,Metal working machine tool setters and operators,Strugarji/strugarke ipd.
7224,"Metal polishers, wheel grinders and tool sharpeners","Polirci/polirke, brusilci/brusilke, ostrilci/ostrilke"
723,Machinery mechanics and repairers,"Mehaničarji/mehaničarke, popravljavci/popravljavke motornih vozil in koles"
7231,Motor vehicle mechanics and repairers,Mehaniki/mehaničarke in popravljavci/popravljavke motornih vozil in koles
7232,Aircraft engine mechanics and repairers,Mehaniki/mehaničarke in popravljavci/popravljavke letal
7233,Agricultural and industrial machinery mechanics and repairers,Mehaniki/mehaničarke in popravljavci/popravljavke industrijskih in drugih strojev ipd.
7234,Bicycle and related repairers,Popravljavci/popravljavke koles ipd.
73,Handicraft and printing workers,"Rokodelci/rokodelke, tiskarji/tiskarke"
731,Handicraft workers,Rokodelci/rokodelke
7311,Precision-instrument makers and repairers,Izdelovalci/izdelovalke in popravljavci/popravljavke preciznih instrumentov
7312,Musical instrument makers and tuners,"Izdelovalci/izdelovalke, uglaševalci/uglaševalke glasbil"
7313,Jewellery and precious-metal workers,Izdelovalci/izdelovalke nakita in bižuterije
7314,Potters and related workers,Keramiki/keramičarke ipd.
7315,"Glass makers, cutters, grinders and finishers",Steklarji/steklarke ipd.
7316,"Sign writers, decorative painters, engravers and etchers","Izdelovalci/izdelovalke znakov, dekoraterji/dekoraterke, graverji/graverke, jedkalci/jedkalke"
7317,"Handicraft workers in wood, basketry and related materials","Izdelovalci/izdelovalke predmetov domače obrti iz lesa, vrbja in podobnih materialov"
7318,"Handicraft workers in textile, leather and related materials","Izdelovalci/izdelovalke predmetov domače obrti iz tekstilij, usnja in podobnih materialov"
7319,Handicraft workers not elsewhere classified,"Rokodelci/rokodelke, d. n."
732,Printing trades workers,Tiskarski poklici za neindustrijski način dela
7321,Pre-press technicians,Stavci/stavke
7322,Printers,Tiskarji/tiskarke
7323,Print finishing and binding workers,Poklici za zaključna tiskarska dela in knjigovezi/knjigovezke
74,Electrical and electronic trades workers,Mehaniki/mehaničarke električnih in elektronskih naprav ipd.
741,Electrical equipment installers and repairers,"Mehaniki/mehaničarke, popravljavci/popravljavke električnih naprav"
7411,Building and related electricians,Elektroinštalaterji/elektroinštalaterke v gradbeništvu ipd.
7412,Electrical mechanics and fitters,Elektromehaničarji/elektromehaničarke
7413,Electrical line installers and repairers,"Monterji/monterke, popravljavci/popravljavke električnega omrežja"
742,Electronics and telecommunications installers and repairers,"Monterji/monterke, popravljavci/popravljavke elektronskih naprav in telekomunikacijskega omrežja"
7421,Electronics mechanics and servicers,"Mehaniki/mehaničarke, serviserji/serviserke elektronskih naprav"
7422,Information and communications technology installers and servicers,"Monterji/monterke, serviserji/serviserke naprav s področja informacijske in komunikacijske tehnologije"
75,"Food processing, wood working, garment and other craft and related trades workers","Predelovalci/predelovalke živil, obdelovalci/obdelovalke lesa, oblačilni in drugi poklici za neindustrijski način dela"
751,Food processing and related trades workers,Predelovalci/predelovalke živil ipd.
7511,"Butchers, fishmongers and related food preparers",Mesarji/mesarke ipd.
7512,"Bakers, pastry-cooks and confectionery makers","Peki/pekinje, slaščičarji/slaščičarke ipd."
7513,Dairy-products makers,Predelovalci/predelovalke mleka
7514,"Fruit, vegetable and related preservers","Predelovalci/predelovalke sadja, zelenjave ipd."
7515,Food and beverage tasters and graders,Ocenjevalci/ocenjevalke živil ipd.
7516,Tobacco preparers and tobacco products makers,Predelovalci/predelovalke tobaka ipd.
752,"Wood treaters, cabinet-makers and related trades workers","Obdelovalci/obdelovalke lesa, mizarji/mizarke ipd."
7521,Wood treaters,Obdelovalci/obdelovalke lesa
7522,Cabinet-makers and related workers,Mizarji/mizarke ipd.
7523,Woodworking-machine tool setters and operators,Nastavljavci/nastavljavke lesnoobdelovalnih strojev ipd.
753,Garment and related trades workers,Oblačilni in drugi poklici za neindustrijski način dela
7531,"Tailors, dressmakers, furriers and hatters","Krojači/krojačice, šiviljci/šivilje, krznarji/krznarke, klobučarji/klobučarke ipd."
7532,Garment and related pattern-makers and cutters,Krojilci/krojilke ipd.
7533,"Sewing, embroidery and related workers",Šivalci/šivalke ipd.
7534,Upholsterers and related workers,Tapetniki/tapetnice ipd.
7535,"Pelt dressers, tanners and fellmongers","Usnjarji/usnjarke in krznarji, izdelovalci krzna/krznarke, izdelovalke krzna"
7536,Shoemakers and related workers,"Izdelovalci/izdelovalke obutve, usnjene galanterije ipd."
754,Other craft and related workers,Drugi poklici za neindustrijski način dela ipd.
7541,Underwater divers,Potapljači/potapljačke
7542,Shotfirers and blasters,Minerji/minerke ipd.
7543,Product graders and testers (excluding foods and beverages),Ocenjevalci/ocenjevalke proizvodov (razen hrane in pijače)
7544,Fumigators and other pest and weed controllers,Razkuževalci/razkuževalke in drugi dezinsektorji/dezinsektorice ipd.
7549,Craft and related workers not elsewhere classified,"Poklici za neindustrijski način dela ipd., d. n."
8,Plant and machine operators and assemblers,"Upravljavci/upravljavke strojev in naprav, industrijski izdelovalci/industrijske izdelovalke in sestavljavci/sestavljavke"
81,Stationary plant and machine operators,Upravljavci/upravljavke strojev in naprav
811,Mining and mineral processing plant operators,Upravljavci/upravljavke rudarskih procesnih strojev in naprav
8111,Miners and quarriers,"Rudarji/rudarke, kamnolomci/kamnolomke"
8112,Mineral and stone processing plant operators,Upravljavci/upravljavke procesnih strojev in naprav za obdelavo rude in kamnin
8113,Well drillers and borers and related workers,Upravljavci/upravljavke geovrtalnih strojev in naprav ipd.
8114,"Cement, stone and other mineral products machine operators","Upravljavci/upravljavke strojev za proizvodnjo cementnih, mineralnih izdelkov in drugih izdelkov iz kamna"
812,Metal processing and finishing plant operators,Upravljavci/upravljavke procesnih strojev za obdelavo kovin in površinsko obdelavo kovinskih delov
8121,Metal processing plant operators,Upravljavci/upravljavke procesnih strojev za obdelavo kovin
8122,"Metal finishing, plating and coating machine operators",Upravljavci/upravljavke strojev za površinsko obdelavo kovinskih delov
813,Chemical and photographic products plant and machine operators,"Upravljavci/upravljavke strojev in naprav za izdelavo kemičnih, fotografskih in mikrofilmskih izdelkov"
8131,Chemical products plant and machine operators,Upravljavci/upravljavke strojev in naprav za proizvodnjo kemičnih izdelkov
8132,Photographic products machine operators,Upravljavci/upravljavke naprav za izdelavo fotografskih in mikrofilmskih izdelkov
814,"Rubber, plastic and paper products machine operators","Upravljavci/upravljavke strojev za proizvodnjo gumenih, plastičnih in papirnih izdelkov"
8141,Rubber products machine operators,Upravljavci/upravljavke strojev za proizvodnjo gumenih izdelkov
8142,Plastic products machine operators,Upravljavci/upravljavke strojev za proizvodnjo plastičnih izdelkov
8143,Paper products machine operators,Upravljavci/upravljavke strojev za proizvodnjo papirnih izdelkov
815,"Textile, fur and leather products machine operators","Upravljavci/upravljavke strojev za proizvodnjo tekstilnih, krznenih, usnjenih izdelkov"
8151,"Fibre preparing, spinning and winding machine operators","Upravljavci/upravljavke strojev za predenje, previjanje ipd."
8152,Weaving and knitting machine operators,"Upravljavci/upravljavke strojev za pletenje, tkanje ipd."
8153,Sewing machine operators,"Upravljavci/upravljavke strojev za šivanje oblačil iz tekstilij, usnja, krzna ipd."
8154,"Bleaching, dyeing and fabric cleaning machine operators","Upravljavci/upravljavke strojev za beljenje, barvanje, čiščenje tekstilij, usnja, krzna ipd."
8155,Fur and leather preparing machine operators,Upravljavci/upravljavke strojev za proizvodnjo usnja in krzna
8156,Shoemaking and related machine operators,Upravljavci/upravljavke strojev za proizvodnjo obutve in usnjene galanterije
8157,Laundry machine operators,Upravljavci/upravljavke pralnih strojev
8159,"Textile, fur and leather products machine operators not elsewhere classified","Upravljavci/upravljavke strojev za proizvodnjo tekstilnih, krznenih, usnjenih izdelkov, d. n."
816,Food and related products machine operators,Upravljavci/upravljavke strojev za proizvodnjo prehrambenih in podobnih izdelkov
8160,Food and related products machine operators,Upravljavci/upravljavke strojev za proizvodnjo prehrambenih in podobnih izdelkov
817,Wood processing and papermaking plant operators,Upravljavci/upravljavke procesnih strojev za predelavo lesa in proizvodnjo papirja
8171,Pulp and papermaking plant operators,Upravljavci/upravljavke procesnih strojev in naprav za pripravo papirjevine in proizvodnjo papirja
8172,Wood processing plant operators,Upravljavci/upravljavke strojev za predelavo lesa
818,Other stationary plant and machine operators,Drugi upravljavci/druge upravljavke strojev in naprav
8181,Glass and ceramics plant operators,Upravljavci/upravljavke steklarskih in keramijskih strojev in naprav
8182,Steam engine and boiler operators,Upravljavci/upravljavke parnih strojev in kotlov
8183,"Packing, bottling and labelling machine operators","Upravljavci/upravljavke strojev za pakiranje, ustekleničenje in označevanje"
8189,Stationary plant and machine operators not elsewhere classified,"Upravljavci/upravljavke strojev in naprav, d. n."
82,Assemblers,Sestavljavci/sestavljavke
821,Assemblers,Sestavljavci/sestavljavke
8211,Mechanical machinery assemblers,Sestavljavci/sestavljavke mehanskih strojev
8212,Electrical and electronic equipment assemblers,Sestavljavci/sestavljavke električne in elektronske opreme
8219,Assemblers not elsewhere classified,"Sestavljavci/sestavljavke, d. n."
83,Drivers and mobile plant operators,"Vozniki/voznice, upravljavci/upravljavke transportnih naprav in premičnih strojev"
831,Locomotive engine drivers and related workers,Vozniki/voznice železniških vozil ipd.
8311,Locomotive engine drivers,Vozniki/voznice železniških vozil
8312,"Railway brake, signal and switch operators","Železniški zavirači/železniške zaviračke, signalisti/signalistke, premikači/premikačice ipd."
832,"Car, van and motorcycle drivers","Vozniki/voznice avtomobilov, lahkih dostavnih vozil in motornih koles"
8321,Motorcycle drivers,Vozniki/voznice motornih koles
8322,"Car, taxi and van drivers","Vozniki/voznice avtomobilov, taksijev in lahkih dostavnih vozil"
833,Heavy truck and bus drivers,Vozniki/voznice težkih tovornjakov in avtobusov
8331,Bus and tram drivers,Vozniki/voznice avtobusov ipd.
8332,Heavy truck and lorry drivers,Vozniki/voznice težkih tovornjakov in vlačilcev
834,Mobile plant operators,Upravljavci/upravljavke premičnih naprav
8341,Mobile farm and forestry plant operators,Upravljavci/upravljavke premičnih kmetijskih in gozdarskih strojev
8342,Earthmoving and related plant operators,Upravljavci/upravljavke strojev za zemeljska dela ipd.
8343,"Crane, hoist and related plant operators","Upravljavci/upravljavke žerjavov, dvigal ipd."
8344,Lifting truck operators,Upravljavci/upravljavke težkih tovornjakov z dvigalom
835,Ships’ deck crews and related workers,"Krmarji/krmarke, ladijski/ladijske strojevodje, mornarji/mornarke ipd."
8350,Ships’ deck crews and related workers,"Krmarji/krmarke, ladijski/ladijske strojevodje, mornarji/mornarke ipd."
9,Elementary occupations,Poklici za preprosta dela
91,Cleaners and helpers,Čistilci/čistilke in pomočniki/pomočnice ipd.
911,"Domestic, hotel and office cleaners and helpers","Gospodinjski pomočniki/gospodinjske pomočnice na domu, drugi čistilci/druge čistilke, strežniki/strežnice ipd."
9111,Domestic cleaners and helpers,Čistilci/čistilke in gospodinjski pomočniki/gospodinjske pomočnice na domu
9112,"Cleaners and helpers in offices, hotels and other establishments","Drugi čistilci/druge čistilke, strežniki/strežnice ipd."
912,"Vehicle, window, laundry and other hand cleaning workers","Pralci vozil/pralke vozil, čistilci/čistilke oken, pralci/pralke perila in drugi ročni čistilci/druge ročne čistilke"
9121,Hand launderers and pressers,Pralci/pralke in likalci/likalke
9122,Vehicle cleaners,Pralci vozil/pralke vozil
9123,Window cleaners,Čistilci/čistilke oken
9129,Other cleaning workers,Drugi čistilci/druge čistilke
92,"Agricultural, forestry and fishery labourers","Poklici za preprosta kmetijska, gozdarska in ribiška dela"
921,"Agricultural, forestry and fishery labourers","Poklici za preprosta kmetijska, gozdarska in ribiška dela"
9211,Crop farm labourers,Delavci/delavke za preprosta poljedelska dela
9212,Livestock farm labourers,Delavci/delavke za preprosta živinorejska dela
9213,Mixed crop and livestock farm labourers,Delavci/delavke za preprosta kmetijska dela na mešanih kmetijah
9214,Garden and horticultural labourers,Delavci/delavke za preprosta vrtnarska in hortikulturna dela
9215,Forestry labourers,Delavci/delavke za preprosta gozdarska dela
9216,Fishery and aquaculture labourers,Delavci/delavke za preprosta ribiška in akvakulturna dela
93,"Labourers in mining, construction, manufacturing and transport","Poklici za preprosta rudarska in gradbeniška dela ter preprosta dela v predelovalnih dejavnostih, transportu ipd."
931,Mining and construction labourers,Delavci/delavke za preprosta rudarska in gradbeniška dela
9311,Mining and quarrying labourers,Delavci/delavke za preprosta rudarska in kamnolomska dela
9312,Civil engineering labourers,Delavci/delavke za preprosta gradbena dela
9313,Building construction labourers,Delavci/delavke za preprosta dela pri visokih gradnjah
932,Manufacturing labourers,Delavci/delavke za preprosta dela v predelovalnih dejavnostih
9321,Hand packers,Delavci/delavke za ročno pakiranje
9329,Manufacturing labourers not elsewhere classified,"Delavci/delavke za preprosta dela v predelovalnih dejavnostih, d. n."
933,Transport and storage labourers,Delavci/delavke za preprosta transportna in skladiščna dela
9331,Hand and pedal vehicle drivers,Upravljavci/upravljavke ročnih vozičkov in vozil na pedale
9332,Drivers of animal-drawn vehicles and machinery,Vozniki vozil in strojev na živalsko vprego
9333,Freight handlers,Delavci/delavke za preprosta prekladalna dela
9334,Shelf fillers,Delavci/delavke za polnjenje polic
94,Food preparation assistants,Pomočniki/pomočnice za pripravo hrane
941,Food preparation assistants,Pomočniki/pomočnice za pripravo hrane
9411,Fast food preparers,Pripravljavci/pripravljavke hitre hrane
9412,Kitchen helpers,Kuhinjski pomočniki/kuhinjske pomočnice
95,Street and related sales and service workers,Poulični prodajalci/poulične prodajalke ipd.
951,Street and related service workers,Poulični prodajalci/poulične prodajalke in podobni storitveni poklici
9510,Street and related service workers,Poulični prodajalci/poulične prodajalke in podobni storitveni poklici
952,Street vendors (excluding food),Poulični prodajalci/poulične prodajalke (razen hrane)
9520,Street vendors (excluding food),Poulični prodajalci/poulične prodajalke (razen hrane)
96,Refuse workers and other elementary workers,Delavci/delavke z odpadki in drugi delavci/druge delavke za preprosta dela
961,Refuse workers,Delavci/delavke z odpadki
9611,Garbage and recycling collectors,Delavci/delavke za preprosta komunalna dela ipd.
9612,Refuse sorters,Razvrščevalci/razvrščevalke odpadkov
9613,Sweepers and related labourers,"Pometalci/pometalke, smetarji/smetarke ipd."
962,Other elementary workers,Drugi delavci/druge delavke za preprosta dela
9621,"Messengers, package deliverers and luggage porters","Kurirji/kurirke, dostavljavci/dostavljavke ipd."
9622,Odd job persons,Delavci/delavke za različna dela
9623,Meter readers and vending-machine collectors,Odčitovalci/odčitovalke števcev in oskrbovalci/oskrbovalke prodajnih avtomatov
9624,Water and firewood collectors,Prinašalci/prinašalke vode in nabiralci/nabiralke lesa za kurjavo
9629,Elementary workers not elsewhere classified,"Delavci/delavke za preprosta dela, d. n."
